45.159.218.227,443,true,DME,Europe,Moscow,181 мс
45.159.216.62,443,true,DME,Europe,Moscow,181 мс
45.159.216.108,443,true,DME,Europe,Moscow,181 мс
45.159.217.26,443,true,DME,Europe,Moscow,181 мс
45.159.219.93,443,true,HKG,Asia Pacific,Hong Kong,181 мс
45.159.218.226,443,true,DME,Europe,Moscow,181 мс
45.159.219.49,443,true,HKG,Asia Pacific,Hong Kong,181 мс
45.159.217.43,443,true,DME,Europe,Moscow,181 мс
45.159.216.129,443,true,DME,Europe,Moscow,181 мс
45.159.219.52,443,true,HKG,Asia Pacific,Hong Kong,181 мс
45.159.216.110,443,true,DME,Europe,Moscow,181 мс
45.159.217.123,443,true,DME,Europe,Moscow,181 мс
14.102.229.175,443,true,DME,Europe,Moscow,181 мс
31.12.75.101,443,true,DME,Europe,Moscow,181 мс
31.12.75.54,443,true,DME,Europe,Moscow,181 мс
31.12.75.15,443,true,DME,Europe,Moscow,181 мс
45.8.211.69,443,true,HKG,Asia Pacific,Hong Kong,181 мс
45.8.211.18,443,true,HKG,Asia Pacific,Hong Kong,181 мс
45.12.30.156,443,true,DME,Europe,Moscow,181 мс
45.12.31.67,443,true,DME,Europe,Moscow,181 мс
45.12.30.158,443,true,DME,Europe,Moscow,181 мс
45.12.31.68,443,true,DME,Europe,Moscow,181 мс
5.10.244.19,443,true,DME,Europe,Moscow,181 мс
195.85.23.28,443,true,FRA,Europe,Frankfurt,180 мс
195.85.23.19,443,true,FRA,Europe,Frankfurt,180 мс
195.85.23.23,443,true,FRA,Europe,Frankfurt,180 мс
193.9.49.249,443,true,DME,Europe,Moscow,180 мс
154.206.12.18,443,true,DME,Europe,Moscow,180 мс
154.206.12.19,443,true,DME,Europe,Moscow,180 мс
154.206.12.30,443,true,DME,Europe,Moscow,180 мс
154.206.12.17,443,true,DME,Europe,Moscow,180 мс
154.206.12.10,443,true,DME,Europe,Moscow,180 мс
154.206.12.53,443,true,DME,Europe,Moscow,180 мс
170.114.52.99,443,true,MRS,Europe,Marseille,111 мс
170.114.52.58,443,true,FRA,Europe,Frankfurt,121 мс
64.69.24.25,443,true,MRS,Europe,Marseille,126 мс
188.42.89.117,443,true,DME,Europe,Moscow,141 мс
45.159.218.186,443,true,DME,Europe,Moscow,142 мс
45.159.217.15,443,true,DME,Europe,Moscow,142 мс
45.159.217.13,443,true,DME,Europe,Moscow,143 мс
45.159.217.14,443,true,DME,Europe,Moscow,143 мс
45.159.218.174,443,true,DME,Europe,Moscow,143 мс
160.153.0.99,443,true,DME,Europe,Moscow,143 мс
193.9.49.136,443,true,DME,Europe,Moscow,143 мс
45.159.218.146,443,true,DME,Europe,Moscow,144 мс
45.159.218.145,443,true,DME,Europe,Moscow,144 мс
45.159.217.140,443,true,DME,Europe,Moscow,144 мс
160.153.0.50,443,true,DME,Europe,Moscow,144 мс
185.193.30.209,443,true,DME,Europe,Moscow,144 мс
45.12.30.103,443,true,DME,Europe,Moscow,145 мс
45.12.30.101,443,true,DME,Europe,Moscow,145 мс
45.159.217.12,443,true,DME,Europe,Moscow,145 мс
92.53.191.241,443,true,DME,Europe,Moscow,145 мс
93.113.175.189,443,true,DME,Europe,Moscow,145 мс
93.113.175.188,443,true,DME,Europe,Moscow,145 мс
193.9.49.150,443,true,DME,Europe,Moscow,145 мс
193.9.49.149,443,true,DME,Europe,Moscow,145 мс
193.9.49.244,443,true,DME,Europe,Moscow,145 мс
45.85.119.10,443,true,DME,Europe,Moscow,146 мс
45.159.219.206,443,true,DME,Europe,Moscow,146 мс
92.53.189.7,443,true,DME,Europe,Moscow,146 мс
92.53.191.234,443,true,DME,Europe,Moscow,146 мс
93.113.175.191,443,true,DME,Europe,Moscow,146 мс
93.113.175.145,443,true,DME,Europe,Moscow,146 мс
93.113.175.111,443,true,DME,Europe,Moscow,146 мс
14.102.229.42,443,true,DME,Europe,Moscow,147 мс
93.113.175.183,443,true,DME,Europe,Moscow,147 мс
93.113.175.185,443,true,DME,Europe,Moscow,147 мс
93.113.175.146,443,true,DME,Europe,Moscow,147 мс
193.9.49.252,443,true,DME,Europe,Moscow,147 мс
45.12.30.102,443,true,DME,Europe,Moscow,148 мс
45.159.218.173,443,true,DME,Europe,Moscow,148 мс
45.159.217.91,443,true,DME,Europe,Moscow,148 мс
45.159.219.225,443,true,DME,Europe,Moscow,148 мс
94.242.229.237,443,true,DME,Europe,Moscow,148 мс
188.42.89.108,443,true,DME,Europe,Moscow,148 мс
188.42.89.109,443,true,DME,Europe,Moscow,148 мс
45.12.30.99,443,true,DME,Europe,Moscow,149 мс
45.12.30.40,443,true,DME,Europe,Moscow,149 мс
45.12.30.100,443,true,DME,Europe,Moscow,149 мс
45.12.30.39,443,true,DME,Europe,Moscow,149 мс
45.159.219.193,443,true,DME,Europe,Moscow,149 мс
77.37.33.30,443,true,DME,Europe,Moscow,149 мс
188.42.89.115,443,true,DME,Europe,Moscow,149 мс
188.42.89.113,443,true,DME,Europe,Moscow,149 мс
5.10.244.188,443,true,DME,Europe,Moscow,150 мс
5.10.244.189,443,true,DME,Europe,Moscow,150 мс
31.12.75.100,443,true,DME,Europe,Moscow,150 мс
45.159.217.99,443,true,DME,Europe,Moscow,150 мс
45.159.218.5,443,true,DME,Europe,Moscow,150 мс
45.159.218.33,443,true,DME,Europe,Moscow,150 мс
94.242.229.126,443,true,DME,Europe,Moscow,150 мс
94.242.228.117,443,true,DME,Europe,Moscow,150 мс
94.242.228.112,443,true,DME,Europe,Moscow,150 мс
160.153.0.130,443,true,DME,Europe,Moscow,150 мс
185.193.29.93,443,true,DME,Europe,Moscow,150 мс
185.221.160.21,443,true,DME,Europe,Moscow,150 мс
188.42.89.116,443,true,DME,Europe,Moscow,150 мс
193.9.49.143,443,true,DME,Europe,Moscow,150 мс
14.102.228.126,443,true,DME,Europe,Moscow,151 мс
45.159.218.169,443,true,DME,Europe,Moscow,151 мс
45.159.218.3,443,true,DME,Europe,Moscow,151 мс
45.159.218.170,443,true,DME,Europe,Moscow,151 мс
45.159.218.4,443,true,DME,Europe,Moscow,151 мс
92.53.188.232,443,true,DME,Europe,Moscow,151 мс
185.193.29.221,443,true,DME,Europe,Moscow,151 мс
188.42.89.102,443,true,DME,Europe,Moscow,151 мс
188.42.89.101,443,true,DME,Europe,Moscow,151 мс
188.164.158.3,443,true,DME,Europe,Moscow,151 мс
188.164.158.50,443,true,DME,Europe,Moscow,151 мс
14.102.229.36,443,true,DME,Europe,Moscow,152 мс
45.159.218.26,443,true,DME,Europe,Moscow,152 мс
45.159.218.143,443,true,DME,Europe,Moscow,152 мс
45.159.219.224,443,true,DME,Europe,Moscow,152 мс
45.159.219.111,443,true,DME,Europe,Moscow,152 мс
45.159.217.16,443,true,DME,Europe,Moscow,152 мс
185.193.30.201,443,true,DME,Europe,Moscow,152 мс
185.221.160.19,443,true,DME,Europe,Moscow,152 мс
185.221.160.20,443,true,DME,Europe,Moscow,152 мс
188.42.89.111,443,true,DME,Europe,Moscow,152 мс
193.9.49.1,443,true,DME,Europe,Moscow,152 мс
195.245.221.113,443,true,DME,Europe,Moscow,152 мс
45.80.110.8,443,true,DME,Europe,Moscow,153 мс
45.159.217.141,443,true,DME,Europe,Moscow,153 мс
45.159.217.90,443,true,DME,Europe,Moscow,153 мс
45.159.217.147,443,true,DME,Europe,Moscow,153 мс
45.159.218.24,443,true,DME,Europe,Moscow,153 мс
45.159.218.53,443,true,DME,Europe,Moscow,153 мс
45.159.218.233,443,true,DME,Europe,Moscow,153 мс
45.159.216.105,443,true,DME,Europe,Moscow,153 мс
92.53.188.41,443,true,DME,Europe,Moscow,153 мс
154.198.173.1,443,true,DME,Europe,Moscow,153 мс
160.153.0.29,443,true,DME,Europe,Moscow,153 мс
160.153.0.49,443,true,DME,Europe,Moscow,153 мс
160.153.0.249,443,true,DME,Europe,Moscow,153 мс
160.153.0.54,443,true,DME,Europe,Moscow,153 мс
160.153.0.56,443,true,DME,Europe,Moscow,153 мс
160.153.0.87,443,true,DME,Europe,Moscow,153 мс
185.193.29.228,443,true,DME,Europe,Moscow,153 мс
185.193.30.220,443,true,DME,Europe,Moscow,153 мс
185.221.160.16,443,true,DME,Europe,Moscow,153 мс
188.164.159.137,443,true,DME,Europe,Moscow,153 мс
188.164.158.186,443,true,DME,Europe,Moscow,153 мс
193.9.49.8,443,true,DME,Europe,Moscow,153 мс
193.9.49.9,443,true,DME,Europe,Moscow,153 мс
193.9.49.5,443,true,DME,Europe,Moscow,153 мс
193.9.49.142,443,true,DME,Europe,Moscow,153 мс
195.245.221.109,443,true,DME,Europe,Moscow,153 мс
45.12.30.120,443,true,DME,Europe,Moscow,154 мс
45.81.58.18,443,true,DME,Europe,Moscow,154 мс
45.159.217.139,443,true,DME,Europe,Moscow,154 мс
45.159.217.145,443,true,DME,Europe,Moscow,154 мс
45.159.219.205,443,true,DME,Europe,Moscow,154 мс
45.159.218.144,443,true,DME,Europe,Moscow,154 мс
45.159.218.44,443,true,DME,Europe,Moscow,154 мс
45.159.219.204,443,true,DME,Europe,Moscow,154 мс
45.159.218.25,443,true,DME,Europe,Moscow,154 мс
77.75.199.4,443,true,DME,Europe,Moscow,154 мс
92.53.188.118,443,true,DME,Europe,Moscow,154 мс
92.53.188.236,443,true,DME,Europe,Moscow,154 мс
160.153.0.7,443,true,DME,Europe,Moscow,154 мс
170.114.52.86,443,true,FRA,Europe,Frankfurt,154 мс
185.174.138.79,443,true,DME,Europe,Moscow,154 мс
185.174.138.83,443,true,DME,Europe,Moscow,154 мс
185.193.29.18,443,true,DME,Europe,Moscow,154 мс
185.193.30.219,443,true,DME,Europe,Moscow,154 мс
185.193.30.218,443,true,DME,Europe,Moscow,154 мс
185.221.160.10,443,true,DME,Europe,Moscow,154 мс
188.164.159.74,443,true,DME,Europe,Moscow,154 мс
188.244.122.203,443,true,DME,Europe,Moscow,154 мс
193.9.49.99,443,true,DME,Europe,Moscow,154 мс
193.9.49.7,443,true,DME,Europe,Moscow,154 мс
195.245.221.136,443,true,DME,Europe,Moscow,154 мс
195.245.221.27,443,true,DME,Europe,Moscow,154 мс
195.245.221.26,443,true,DME,Europe,Moscow,154 мс
195.245.221.110,443,true,DME,Europe,Moscow,154 мс
195.245.221.108,443,true,DME,Europe,Moscow,154 мс
195.245.221.29,443,true,DME,Europe,Moscow,154 мс
195.245.221.111,443,true,DME,Europe,Moscow,154 мс
14.102.228.28,443,true,DME,Europe,Moscow,155 мс
14.102.228.26,443,true,DME,Europe,Moscow,155 мс
14.102.228.2,443,true,DME,Europe,Moscow,155 мс
45.12.30.110,443,true,DME,Europe,Moscow,155 мс
45.12.31.175,443,true,DME,Europe,Moscow,155 мс
45.12.30.47,443,true,DME,Europe,Moscow,155 мс
45.12.30.7,443,true,DME,Europe,Moscow,155 мс
45.12.30.8,443,true,DME,Europe,Moscow,155 мс
45.12.30.119,443,true,DME,Europe,Moscow,155 мс
45.81.58.28,443,true,DME,Europe,Moscow,155 мс
45.159.217.103,443,true,DME,Europe,Moscow,155 мс
45.159.216.107,443,true,DME,Europe,Moscow,155 мс
45.159.217.144,443,true,DME,Europe,Moscow,155 мс
45.159.216.102,443,true,DME,Europe,Moscow,155 мс
45.159.219.203,443,true,DME,Europe,Moscow,155 мс
45.159.217.102,443,true,DME,Europe,Moscow,155 мс
45.159.217.239,443,true,DME,Europe,Moscow,155 мс
45.159.216.137,443,true,DME,Europe,Moscow,155 мс
45.159.218.196,443,true,DME,Europe,Moscow,155 мс
45.159.216.135,443,true,DME,Europe,Moscow,155 мс
45.159.217.143,443,true,DME,Europe,Moscow,155 мс
77.75.199.5,443,true,DME,Europe,Moscow,155 мс
92.53.191.242,443,true,DME,Europe,Moscow,155 мс
94.242.231.145,443,true,DME,Europe,Moscow,155 мс
170.114.52.81,443,true,FRA,Europe,Frankfurt,155 мс
185.174.138.12,443,true,DME,Europe,Moscow,155 мс
185.193.29.26,443,true,DME,Europe,Moscow,155 мс
185.193.29.19,443,true,DME,Europe,Moscow,155 мс
185.193.29.82,443,true,DME,Europe,Moscow,155 мс
193.9.49.209,443,true,DME,Europe,Moscow,155 мс
193.9.49.140,443,true,DME,Europe,Moscow,155 мс
195.245.221.50,443,true,DME,Europe,Moscow,155 мс
195.245.221.112,443,true,DME,Europe,Moscow,155 мс
195.245.221.135,443,true,DME,Europe,Moscow,155 мс
14.102.228.140,443,true,DME,Europe,Moscow,156 мс
45.12.30.106,443,true,DME,Europe,Moscow,156 мс
45.12.30.10,443,true,DME,Europe,Moscow,156 мс
45.12.30.105,443,true,DME,Europe,Moscow,156 мс
45.12.30.45,443,true,DME,Europe,Moscow,156 мс
45.159.216.136,443,true,DME,Europe,Moscow,156 мс
45.159.216.203,443,true,DME,Europe,Moscow,156 мс
45.159.219.226,443,true,DME,Europe,Moscow,156 мс
45.159.216.139,443,true,DME,Europe,Moscow,156 мс
45.159.217.105,443,true,DME,Europe,Moscow,156 мс
45.159.218.185,443,true,DME,Europe,Moscow,156 мс
45.159.219.243,443,true,DME,Europe,Moscow,156 мс
92.53.189.244,443,true,DME,Europe,Moscow,156 мс
94.242.229.192,443,true,DME,Europe,Moscow,156 мс
185.193.28.100,443,true,DME,Europe,Moscow,156 мс
185.193.28.177,443,true,DME,Europe,Moscow,156 мс
188.42.89.106,443,true,DME,Europe,Moscow,156 мс
188.42.89.105,443,true,DME,Europe,Moscow,156 мс
188.164.158.8,443,true,DME,Europe,Moscow,156 мс
188.164.158.185,443,true,DME,Europe,Moscow,156 мс
193.9.49.201,443,true,DME,Europe,Moscow,156 мс
193.9.49.200,443,true,DME,Europe,Moscow,156 мс
193.9.49.154,443,true,DME,Europe,Moscow,156 мс
193.9.49.138,443,true,DME,Europe,Moscow,156 мс
193.9.49.100,443,true,DME,Europe,Moscow,156 мс
14.102.228.137,443,true,DME,Europe,Moscow,157 мс
14.102.229.149,443,true,DME,Europe,Moscow,157 мс
45.12.30.12,443,true,DME,Europe,Moscow,157 мс
45.12.30.107,443,true,DME,Europe,Moscow,157 мс
45.159.217.104,443,true,DME,Europe,Moscow,157 мс
45.159.216.138,443,true,DME,Europe,Moscow,157 мс
45.159.216.207,443,true,DME,Europe,Moscow,157 мс
45.159.218.176,443,true,DME,Europe,Moscow,157 мс
45.159.218.199,443,true,DME,Europe,Moscow,157 мс
45.159.217.146,443,true,DME,Europe,Moscow,157 мс
45.159.218.230,443,true,DME,Europe,Moscow,157 мс
45.159.218.222,443,true,DME,Europe,Moscow,157 мс
45.159.218.43,443,true,DME,Europe,Moscow,157 мс
89.116.250.208,443,true,DME,Europe,Moscow,157 мс
185.174.138.80,443,true,DME,Europe,Moscow,157 мс
185.176.24.2,443,true,DME,Europe,Moscow,157 мс
185.193.29.80,443,true,DME,Europe,Moscow,157 мс
185.193.30.222,443,true,DME,Europe,Moscow,157 мс
188.164.158.125,443,true,DME,Europe,Moscow,157 мс
193.9.49.147,443,true,DME,Europe,Moscow,157 мс
193.9.49.115,443,true,DME,Europe,Moscow,157 мс
14.102.228.134,443,true,DME,Europe,Moscow,158 мс
14.102.228.120,443,true,DME,Europe,Moscow,158 мс
31.43.179.6,443,true,DME,Europe,Moscow,158 мс
45.12.30.18,443,true,DME,Europe,Moscow,158 мс
45.12.30.108,443,true,DME,Europe,Moscow,158 мс
45.12.30.13,443,true,DME,Europe,Moscow,158 мс
45.80.110.248,443,true,DME,Europe,Moscow,158 мс
45.159.218.221,443,true,DME,Europe,Moscow,158 мс
45.159.216.209,443,true,DME,Europe,Moscow,158 мс
45.159.216.208,443,true,DME,Europe,Moscow,158 мс
45.159.216.253,443,true,DME,Europe,Moscow,158 мс
45.159.218.18,443,true,DME,Europe,Moscow,158 мс
45.159.219.109,443,true,DME,Europe,Moscow,158 мс
45.159.216.216,443,true,DME,Europe,Moscow,158 мс
45.159.218.219,443,true,DME,Europe,Moscow,158 мс
45.159.216.215,443,true,DME,Europe,Moscow,158 мс
45.159.218.34,443,true,DME,Europe,Moscow,158 мс
45.159.216.210,443,true,DME,Europe,Moscow,158 мс
45.159.218.220,443,true,DME,Europe,Moscow,158 мс
92.53.189.167,443,true,DME,Europe,Moscow,158 мс
94.242.230.134,443,true,DME,Europe,Moscow,158 мс
185.162.229.3,443,true,DME,Europe,Moscow,158 мс
185.162.229.2,443,true,DME,Europe,Moscow,158 мс
185.176.24.3,443,true,DME,Europe,Moscow,158 мс
185.176.24.1,443,true,DME,Europe,Moscow,158 мс
185.193.29.89,443,true,DME,Europe,Moscow,158 мс
185.193.29.245,443,true,DME,Europe,Moscow,158 мс
185.193.29.252,443,true,DME,Europe,Moscow,158 мс
188.42.89.3,443,true,DME,Europe,Moscow,158 мс
188.42.89.1,443,true,DME,Europe,Moscow,158 мс
188.42.89.12,443,true,DME,Europe,Moscow,158 мс
188.42.145.8,443,true,DME,Europe,Moscow,158 мс
188.164.159.62,443,true,DME,Europe,Moscow,158 мс
188.164.158.76,443,true,DME,Europe,Moscow,158 мс
14.102.228.246,443,true,DME,Europe,Moscow,159 мс
14.102.229.60,443,true,DME,Europe,Moscow,159 мс
14.102.229.57,443,true,DME,Europe,Moscow,159 мс
31.12.75.6,443,true,DME,Europe,Moscow,159 мс
31.12.75.5,443,true,DME,Europe,Moscow,159 мс
31.43.179.1,443,true,DME,Europe,Moscow,159 мс
45.12.30.43,443,true,DME,Europe,Moscow,159 мс
45.80.110.74,443,true,DME,Europe,Moscow,159 мс
45.80.110.1,443,true,DME,Europe,Moscow,159 мс
45.80.110.73,443,true,DME,Europe,Moscow,159 мс
45.80.110.75,443,true,DME,Europe,Moscow,159 мс
45.85.118.11,443,true,DME,Europe,Moscow,159 мс
45.159.218.15,443,true,DME,Europe,Moscow,159 мс
45.159.217.27,443,true,DME,Europe,Moscow,159 мс
45.159.218.14,443,true,DME,Europe,Moscow,159 мс
45.159.218.197,443,true,DME,Europe,Moscow,159 мс
45.159.216.212,443,true,DME,Europe,Moscow,159 мс
45.159.216.224,443,true,DME,Europe,Moscow,159 мс
45.159.216.211,443,true,DME,Europe,Moscow,159 мс
45.159.218.194,443,true,DME,Europe,Moscow,159 мс
45.159.216.223,443,true,DME,Europe,Moscow,159 мс
45.159.219.202,443,true,DME,Europe,Moscow,159 мс
45.159.219.110,443,true,DME,Europe,Moscow,159 мс
89.116.250.215,443,true,DME,Europe,Moscow,159 мс
92.53.189.179,443,true,DME,Europe,Moscow,159 мс
185.174.138.81,443,true,DME,Europe,Moscow,159 мс
185.193.29.207,443,true,DME,Europe,Moscow,159 мс
185.193.29.90,443,true,DME,Europe,Moscow,159 мс
188.244.122.99,443,true,DME,Europe,Moscow,159 мс
5.10.244.186,443,true,DME,Europe,Moscow,160 мс
5.10.244.185,443,true,DME,Europe,Moscow,160 мс
14.102.229.214,443,true,DME,Europe,Moscow,160 мс
31.12.75.3,443,true,DME,Europe,Moscow,160 мс
31.12.75.1,443,true,DME,Europe,Moscow,160 мс
45.12.30.133,443,true,DME,Europe,Moscow,160 мс
45.12.30.233,443,true,DME,Europe,Moscow,160 мс
45.12.30.30,443,true,DME,Europe,Moscow,160 мс
45.80.110.2,443,true,DME,Europe,Moscow,160 мс
45.80.110.76,443,true,DME,Europe,Moscow,160 мс
45.85.118.9,443,true,DME,Europe,Moscow,160 мс
45.159.218.200,443,true,DME,Europe,Moscow,160 мс
45.159.218.56,443,true,DME,Europe,Moscow,160 мс
45.159.217.22,443,true,DME,Europe,Moscow,160 мс
45.159.218.19,443,true,DME,Europe,Moscow,160 мс
45.159.218.229,443,true,DME,Europe,Moscow,160 мс
45.159.218.188,443,true,DME,Europe,Moscow,160 мс
45.159.217.116,443,true,DME,Europe,Moscow,160 мс
45.159.218.55,443,true,DME,Europe,Moscow,160 мс
45.159.218.187,443,true,DME,Europe,Moscow,160 мс
45.159.217.6,443,true,DME,Europe,Moscow,160 мс
45.159.217.3,443,true,DME,Europe,Moscow,160 мс
94.242.231.136,443,true,DME,Europe,Moscow,160 мс
94.242.229.101,443,true,DME,Europe,Moscow,160 мс
181.214.1.140,443,true,DME,Europe,Moscow,160 мс
185.159.247.198,443,true,DME,Europe,Moscow,160 мс
185.193.29.86,443,true,DME,Europe,Moscow,160 мс
188.42.88.233,443,true,DME,Europe,Moscow,160 мс
188.42.89.168,443,true,DME,Europe,Moscow,160 мс
188.42.89.169,443,true,DME,Europe,Moscow,160 мс
188.42.89.2,443,true,DME,Europe,Moscow,160 мс
188.244.122.216,443,true,DME,Europe,Moscow,160 мс
195.85.59.155,443,true,DME,Europe,Moscow,160 мс
14.102.228.238,443,true,DME,Europe,Moscow,161 мс
31.12.75.27,443,true,DME,Europe,Moscow,161 мс
31.12.75.26,443,true,DME,Europe,Moscow,161 мс
31.12.75.48,443,true,DME,Europe,Moscow,161 мс
45.80.110.72,443,true,DME,Europe,Moscow,161 мс
45.81.58.32,443,true,DME,Europe,Moscow,161 мс
45.81.58.31,443,true,DME,Europe,Moscow,161 мс
45.159.217.142,443,true,DME,Europe,Moscow,161 мс
45.159.218.193,443,true,DME,Europe,Moscow,161 мс
45.159.218.213,443,true,DME,Europe,Moscow,161 мс
45.159.218.2,443,true,DME,Europe,Moscow,161 мс
45.159.218.9,443,true,DME,Europe,Moscow,161 мс
45.159.216.133,443,true,DME,Europe,Moscow,161 мс
45.159.219.108,443,true,DME,Europe,Moscow,161 мс
45.159.218.54,443,true,DME,Europe,Moscow,161 мс
45.159.216.141,443,true,DME,Europe,Moscow,161 мс
45.159.217.5,443,true,DME,Europe,Moscow,161 мс
45.159.216.134,443,true,DME,Europe,Moscow,161 мс
92.53.191.6,443,true,DME,Europe,Moscow,161 мс
92.243.74.2,443,true,DME,Europe,Moscow,161 мс
93.113.175.187,443,true,DME,Europe,Moscow,161 мс
93.113.175.186,443,true,DME,Europe,Moscow,161 мс
93.113.175.105,443,true,DME,Europe,Moscow,161 мс
94.242.229.91,443,true,DME,Europe,Moscow,161 мс
154.92.9.1,443,true,DME,Europe,Moscow,161 мс
185.170.166.13,443,true,DME,Europe,Moscow,161 мс
185.193.29.78,443,true,DME,Europe,Moscow,161 мс
185.193.29.234,443,true,DME,Europe,Moscow,161 мс
185.193.29.87,443,true,DME,Europe,Moscow,161 мс
185.193.30.200,443,true,DME,Europe,Moscow,161 мс
188.42.89.40,443,true,DME,Europe,Moscow,161 мс
188.42.89.128,443,true,DME,Europe,Moscow,161 мс
188.42.89.0,443,true,DME,Europe,Moscow,161 мс
195.85.59.150,443,true,DME,Europe,Moscow,161 мс
195.85.59.161,443,true,DME,Europe,Moscow,161 мс
195.85.59.163,443,true,DME,Europe,Moscow,161 мс
14.102.228.234,443,true,DME,Europe,Moscow,162 мс
14.102.229.208,443,true,DME,Europe,Moscow,162 мс
31.12.75.143,443,true,DME,Europe,Moscow,162 мс
31.12.75.7,443,true,DME,Europe,Moscow,162 мс
31.12.75.141,443,true,DME,Europe,Moscow,162 мс
31.12.75.4,443,true,DME,Europe,Moscow,162 мс
45.12.30.17,443,true,DME,Europe,Moscow,162 мс
45.80.111.238,443,true,DME,Europe,Moscow,162 мс
45.81.58.25,443,true,DME,Europe,Moscow,162 мс
45.159.218.175,443,true,DME,Europe,Moscow,162 мс
45.159.217.7,443,true,DME,Europe,Moscow,162 мс
45.159.218.42,443,true,DME,Europe,Moscow,162 мс
45.159.218.198,443,true,DME,Europe,Moscow,162 мс
45.159.216.143,443,true,DME,Europe,Moscow,162 мс
45.159.217.4,443,true,DME,Europe,Moscow,162 мс
45.194.53.13,443,true,DME,Europe,Moscow,162 мс
92.53.188.42,443,true,DME,Europe,Moscow,162 мс
93.113.175.108,443,true,DME,Europe,Moscow,162 мс
93.113.175.157,443,true,DME,Europe,Moscow,162 мс
93.113.175.156,443,true,DME,Europe,Moscow,162 мс
94.242.230.120,443,true,DME,Europe,Moscow,162 мс
94.242.228.13,443,true,DME,Europe,Moscow,162 мс
160.153.0.57,443,true,DME,Europe,Moscow,162 мс
160.153.0.58,443,true,DME,Europe,Moscow,162 мс
160.153.0.33,443,true,DME,Europe,Moscow,162 мс
185.170.166.16,443,true,DME,Europe,Moscow,162 мс
185.170.166.32,443,true,DME,Europe,Moscow,162 мс
185.193.29.236,443,true,DME,Europe,Moscow,162 мс
188.42.89.43,443,true,DME,Europe,Moscow,162 мс
188.244.122.206,443,true,DME,Europe,Moscow,162 мс
14.102.228.101,443,true,DME,Europe,Moscow,163 мс
31.12.75.142,443,true,DME,Europe,Moscow,163 мс
31.12.75.145,443,true,DME,Europe,Moscow,163 мс
45.12.31.8,443,true,DME,Europe,Moscow,163 мс
45.12.30.130,443,true,DME,Europe,Moscow,163 мс
45.81.58.5,443,true,DME,Europe,Moscow,163 мс
45.159.216.206,443,true,DME,Europe,Moscow,163 мс
45.159.216.140,443,true,DME,Europe,Moscow,163 мс
45.159.216.218,443,true,DME,Europe,Moscow,163 мс
45.159.216.142,443,true,DME,Europe,Moscow,163 мс
45.194.53.81,443,true,DME,Europe,Moscow,163 мс
92.243.74.3,443,true,DME,Europe,Moscow,163 мс
93.113.175.147,443,true,DME,Europe,Moscow,163 мс
93.113.175.176,443,true,DME,Europe,Moscow,163 мс
93.113.175.163,443,true,DME,Europe,Moscow,163 мс
93.113.175.162,443,true,DME,Europe,Moscow,163 мс
93.113.175.166,443,true,DME,Europe,Moscow,163 мс
93.113.175.121,443,true,DME,Europe,Moscow,163 мс
94.242.228.133,443,true,DME,Europe,Moscow,163 мс
94.242.231.254,443,true,DME,Europe,Moscow,163 мс
108.165.216.59,443,true,DME,Europe,Moscow,163 мс
160.153.0.78,443,true,DME,Europe,Moscow,163 мс
160.153.0.85,443,true,DME,Europe,Moscow,163 мс
170.114.52.12,443,true,MRS,Europe,Marseille,163 мс
185.170.166.30,443,true,DME,Europe,Moscow,163 мс
185.170.166.14,443,true,DME,Europe,Moscow,163 мс
188.42.89.185,443,true,DME,Europe,Moscow,163 мс
188.42.89.24,443,true,DME,Europe,Moscow,163 мс
188.42.89.10,443,true,DME,Europe,Moscow,163 мс
193.9.49.128,443,true,DME,Europe,Moscow,163 мс
193.9.49.254,443,true,DME,Europe,Moscow,163 мс
195.85.59.149,443,true,DME,Europe,Moscow,163 мс
14.102.228.231,443,true,DME,Europe,Moscow,164 мс
31.12.75.108,443,true,DME,Europe,Moscow,164 мс
31.12.75.106,443,true,DME,Europe,Moscow,164 мс
45.12.30.53,443,true,DME,Europe,Moscow,164 мс
45.12.30.128,443,true,DME,Europe,Moscow,164 мс
45.12.30.132,443,true,DME,Europe,Moscow,164 мс
45.12.30.3,443,true,DME,Europe,Moscow,164 мс
45.159.217.2,443,true,DME,Europe,Moscow,164 мс
45.159.218.195,443,true,DME,Europe,Moscow,164 мс
45.159.218.41,443,true,DME,Europe,Moscow,164 мс
45.159.217.111,443,true,DME,Europe,Moscow,164 мс
45.159.217.240,443,true,DME,Europe,Moscow,164 мс
45.159.218.57,443,true,DME,Europe,Moscow,164 мс
45.205.0.15,443,true,DME,Europe,Moscow,164 мс
93.113.175.177,443,true,DME,Europe,Moscow,164 мс
93.113.175.167,443,true,DME,Europe,Moscow,164 мс
93.113.175.254,443,true,DME,Europe,Moscow,164 мс
93.113.175.161,443,true,DME,Europe,Moscow,164 мс
93.113.175.148,443,true,DME,Europe,Moscow,164 мс
94.242.231.232,443,true,DME,Europe,Moscow,164 мс
108.165.216.40,443,true,DME,Europe,Moscow,164 мс
160.153.0.67,443,true,DME,Europe,Moscow,164 мс
160.153.0.84,443,true,DME,Europe,Moscow,164 мс
160.153.0.41,443,true,DME,Europe,Moscow,164 мс
160.153.0.83,443,true,DME,Europe,Moscow,164 мс
160.153.0.89,443,true,DME,Europe,Moscow,164 мс
160.153.0.94,443,true,DME,Europe,Moscow,164 мс
170.114.52.8,443,true,FRA,Europe,Frankfurt,164 мс
185.148.106.164,443,true,DME,Europe,Moscow,164 мс
185.148.106.165,443,true,DME,Europe,Moscow,164 мс
185.193.30.82,443,true,DME,Europe,Moscow,164 мс
185.193.30.73,443,true,DME,Europe,Moscow,164 мс
188.42.89.7,443,true,DME,Europe,Moscow,164 мс
188.42.89.14,443,true,DME,Europe,Moscow,164 мс
188.42.89.26,443,true,DME,Europe,Moscow,164 мс
188.42.89.15,443,true,DME,Europe,Moscow,164 мс
188.244.122.254,443,true,DME,Europe,Moscow,164 мс
193.227.99.3,443,true,DME,Europe,Moscow,164 мс
193.227.99.5,443,true,DME,Europe,Moscow,164 мс
195.26.229.4,443,true,DME,Europe,Moscow,164 мс
195.26.229.5,443,true,DME,Europe,Moscow,164 мс
5.10.245.184,443,true,DME,Europe,Moscow,165 мс
14.102.229.144,443,true,DME,Europe,Moscow,165 мс
31.12.75.0,443,true,DME,Europe,Moscow,165 мс
45.12.30.104,443,true,DME,Europe,Moscow,165 мс
45.12.30.129,443,true,DME,Europe,Moscow,165 мс
45.12.30.14,443,true,DME,Europe,Moscow,165 мс
45.12.30.123,443,true,DME,Europe,Moscow,165 мс
45.12.30.131,443,true,DME,Europe,Moscow,165 мс
45.12.30.56,443,true,DME,Europe,Moscow,165 мс
45.12.30.11,443,true,DME,Europe,Moscow,165 мс
45.12.30.232,443,true,DME,Europe,Moscow,165 мс
45.159.217.98,443,true,DME,Europe,Moscow,165 мс
45.159.219.192,443,true,DME,Europe,Moscow,165 мс
45.159.219.223,443,true,DME,Europe,Moscow,165 мс
45.205.0.14,443,true,DME,Europe,Moscow,165 мс
45.205.0.7,443,true,DME,Europe,Moscow,165 мс
92.53.190.100,443,true,DME,Europe,Moscow,165 мс
93.113.175.158,443,true,DME,Europe,Moscow,165 мс
93.113.175.175,443,true,DME,Europe,Moscow,165 мс
93.113.175.159,443,true,DME,Europe,Moscow,165 мс
93.113.175.119,443,true,DME,Europe,Moscow,165 мс
93.113.175.165,443,true,DME,Europe,Moscow,165 мс
93.113.175.174,443,true,DME,Europe,Moscow,165 мс
93.113.175.253,443,true,DME,Europe,Moscow,165 мс
94.242.228.143,443,true,DME,Europe,Moscow,165 мс
108.165.216.55,443,true,DME,Europe,Moscow,165 мс
108.165.216.34,443,true,DME,Europe,Moscow,165 мс
108.165.216.31,443,true,DME,Europe,Moscow,165 мс
108.165.216.42,443,true,DME,Europe,Moscow,165 мс
160.153.0.71,443,true,DME,Europe,Moscow,165 мс
185.193.28.52,443,true,DME,Europe,Moscow,165 мс
185.193.30.75,443,true,DME,Europe,Moscow,165 мс
185.251.82.5,443,true,DME,Europe,Moscow,165 мс
185.251.82.4,443,true,DME,Europe,Moscow,165 мс
185.251.82.25,443,true,DME,Europe,Moscow,165 мс
185.251.82.3,443,true,DME,Europe,Moscow,165 мс
185.251.82.6,443,true,DME,Europe,Moscow,165 мс
188.42.89.182,443,true,DME,Europe,Moscow,165 мс
188.42.89.100,443,true,DME,Europe,Moscow,165 мс
188.42.89.8,443,true,DME,Europe,Moscow,165 мс
188.164.158.108,443,true,DME,Europe,Moscow,165 мс
193.9.49.253,443,true,DME,Europe,Moscow,165 мс
193.9.49.127,443,true,DME,Europe,Moscow,165 мс
193.9.49.126,443,true,DME,Europe,Moscow,165 мс
195.85.59.197,443,true,DME,Europe,Moscow,165 мс
213.109.205.67,443,true,DME,Europe,Moscow,165 мс
31.12.75.104,443,true,DME,Europe,Moscow,166 мс
31.12.75.110,443,true,DME,Europe,Moscow,166 мс
31.12.75.112,443,true,DME,Europe,Moscow,166 мс
31.12.75.103,443,true,DME,Europe,Moscow,166 мс
31.12.75.28,443,true,DME,Europe,Moscow,166 мс
45.12.30.21,443,true,DME,Europe,Moscow,166 мс
45.12.30.19,443,true,DME,Europe,Moscow,166 мс
45.12.30.22,443,true,DME,Europe,Moscow,166 мс
45.12.30.52,443,true,DME,Europe,Moscow,166 мс
45.159.219.200,443,true,DME,Europe,Moscow,166 мс
45.159.216.121,443,true,DME,Europe,Moscow,166 мс
45.159.217.110,443,true,DME,Europe,Moscow,166 мс
45.159.218.52,443,true,DME,Europe,Moscow,166 мс
45.159.219.199,443,true,DME,Europe,Moscow,166 мс
45.159.218.51,443,true,DME,Europe,Moscow,166 мс
45.159.216.119,443,true,DME,Europe,Moscow,166 мс
45.159.218.8,443,true,DME,Europe,Moscow,166 мс
45.159.217.17,443,true,DME,Europe,Moscow,166 мс
45.159.216.217,443,true,DME,Europe,Moscow,166 мс
45.159.219.201,443,true,DME,Europe,Moscow,166 мс
45.159.217.133,443,true,DME,Europe,Moscow,166 мс
45.205.0.5,443,true,DME,Europe,Moscow,166 мс
89.116.250.221,443,true,DME,Europe,Moscow,166 мс
92.53.189.56,443,true,DME,Europe,Moscow,166 мс
93.113.175.118,443,true,DME,Europe,Moscow,166 мс
93.113.175.190,443,true,DME,Europe,Moscow,166 мс
160.153.0.72,443,true,DME,Europe,Moscow,166 мс
160.153.0.96,443,true,DME,Europe,Moscow,166 мс
185.193.29.85,443,true,DME,Europe,Moscow,166 мс
185.193.30.71,443,true,DME,Europe,Moscow,166 мс
188.42.88.240,443,true,DME,Europe,Moscow,166 мс
188.42.89.39,443,true,DME,Europe,Moscow,166 мс
188.42.89.123,443,true,DME,Europe,Moscow,166 мс
188.42.89.122,443,true,DME,Europe,Moscow,166 мс
188.42.89.173,443,true,DME,Europe,Moscow,166 мс
188.42.145.162,443,true,DME,Europe,Moscow,166 мс
188.244.122.202,443,true,DME,Europe,Moscow,166 мс
188.244.122.72,443,true,DME,Europe,Moscow,166 мс
188.244.122.201,443,true,DME,Europe,Moscow,166 мс
193.9.49.124,443,true,DME,Europe,Moscow,166 мс
195.85.59.193,443,true,DME,Europe,Moscow,166 мс
14.102.229.63,443,true,DME,Europe,Moscow,167 мс
31.12.75.29,443,true,DME,Europe,Moscow,167 мс
31.12.75.109,443,true,DME,Europe,Moscow,167 мс
31.12.75.41,443,true,DME,Europe,Moscow,167 мс
31.12.75.47,443,true,DME,Europe,Moscow,167 мс
31.12.75.32,443,true,DME,Europe,Moscow,167 мс
31.12.75.93,443,true,DME,Europe,Moscow,167 мс
31.12.75.35,443,true,DME,Europe,Moscow,167 мс
31.12.75.2,443,true,DME,Europe,Moscow,167 мс
45.12.30.46,443,true,DME,Europe,Moscow,167 мс
45.12.31.7,443,true,DME,Europe,Moscow,167 мс
45.12.30.6,443,true,DME,Europe,Moscow,167 мс
45.12.30.126,443,true,DME,Europe,Moscow,167 мс
45.12.30.122,443,true,DME,Europe,Moscow,167 мс
45.12.30.236,443,true,DME,Europe,Moscow,167 мс
45.159.217.129,443,true,DME,Europe,Moscow,167 мс
45.159.216.122,443,true,DME,Europe,Moscow,167 мс
45.159.217.130,443,true,DME,Europe,Moscow,167 мс
45.159.217.132,443,true,DME,Europe,Moscow,167 мс
45.159.219.189,443,true,DME,Europe,Moscow,167 мс
45.159.216.118,443,true,DME,Europe,Moscow,167 мс
45.159.217.138,443,true,DME,Europe,Moscow,167 мс
45.159.218.228,443,true,DME,Europe,Moscow,167 мс
45.159.216.220,443,true,DME,Europe,Moscow,167 мс
89.116.250.217,443,true,DME,Europe,Moscow,167 мс
92.53.188.38,443,true,DME,Europe,Moscow,167 мс
92.53.190.208,443,true,DME,Europe,Moscow,167 мс
93.113.175.109,443,true,DME,Europe,Moscow,167 мс
93.113.175.125,443,true,DME,Europe,Moscow,167 мс
93.113.175.128,443,true,DME,Europe,Moscow,167 мс
93.113.175.141,443,true,DME,Europe,Moscow,167 мс
108.165.216.38,443,true,DME,Europe,Moscow,167 мс
108.165.216.44,443,true,DME,Europe,Moscow,167 мс
154.206.12.8,443,true,DME,Europe,Moscow,167 мс
154.206.12.50,443,true,DME,Europe,Moscow,167 мс
154.206.12.64,443,true,DME,Europe,Moscow,167 мс
185.193.29.71,443,true,DME,Europe,Moscow,167 мс
185.193.28.99,443,true,DME,Europe,Moscow,167 мс
185.193.30.77,443,true,DME,Europe,Moscow,167 мс
185.193.30.83,443,true,DME,Europe,Moscow,167 мс
188.42.88.239,443,true,DME,Europe,Moscow,167 мс
188.42.89.167,443,true,DME,Europe,Moscow,167 мс
188.42.89.172,443,true,DME,Europe,Moscow,167 мс
188.42.89.121,443,true,DME,Europe,Moscow,167 мс
188.42.89.188,443,true,DME,Europe,Moscow,167 мс
188.244.122.48,443,true,DME,Europe,Moscow,167 мс
188.244.122.82,443,true,DME,Europe,Moscow,167 мс
188.244.122.8,443,true,DME,Europe,Moscow,167 мс
193.9.49.55,443,true,DME,Europe,Moscow,167 мс
195.85.59.63,443,true,DME,Europe,Moscow,167 мс
195.85.59.62,443,true,DME,Europe,Moscow,167 мс
195.85.59.61,443,true,DME,Europe,Moscow,167 мс
195.85.59.187,443,true,DME,Europe,Moscow,167 мс
195.85.59.194,443,true,DME,Europe,Moscow,167 мс
195.85.59.199,443,true,DME,Europe,Moscow,167 мс
195.85.59.2,443,true,DME,Europe,Moscow,167 мс
195.85.59.180,443,true,DME,Europe,Moscow,167 мс
31.12.75.30,443,true,DME,Europe,Moscow,168 мс
31.12.75.107,443,true,DME,Europe,Moscow,168 мс
31.12.75.140,443,true,DME,Europe,Moscow,168 мс
31.12.75.45,443,true,DME,Europe,Moscow,168 мс
45.12.30.117,443,true,DME,Europe,Moscow,168 мс
45.12.30.2,443,true,DME,Europe,Moscow,168 мс
45.12.30.15,443,true,DME,Europe,Moscow,168 мс
45.12.30.20,443,true,DME,Europe,Moscow,168 мс
45.12.31.14,443,true,DME,Europe,Moscow,168 мс
45.12.30.5,443,true,DME,Europe,Moscow,168 мс
45.12.30.182,443,true,DME,Europe,Moscow,168 мс
45.12.30.16,443,true,DME,Europe,Moscow,168 мс
45.12.30.127,443,true,DME,Europe,Moscow,168 мс
45.12.30.235,443,true,DME,Europe,Moscow,168 мс
45.12.31.16,443,true,DME,Europe,Moscow,168 мс
45.80.110.68,443,true,DME,Europe,Moscow,168 мс
45.159.217.96,443,true,DME,Europe,Moscow,168 мс
45.159.219.188,443,true,DME,Europe,Moscow,168 мс
45.159.217.112,443,true,DME,Europe,Moscow,168 мс
45.159.217.127,443,true,DME,Europe,Moscow,168 мс
45.159.217.115,443,true,DME,Europe,Moscow,168 мс
45.159.218.64,443,true,DME,Europe,Moscow,168 мс
45.159.217.131,443,true,DME,Europe,Moscow,168 мс
92.53.190.186,443,true,DME,Europe,Moscow,168 мс
92.53.189.45,443,true,DME,Europe,Moscow,168 мс
92.53.188.96,443,true,DME,Europe,Moscow,168 мс
93.113.175.127,443,true,DME,Europe,Moscow,168 мс
93.113.175.143,443,true,DME,Europe,Moscow,168 мс
93.113.175.249,443,true,DME,Europe,Moscow,168 мс
93.113.175.123,443,true,DME,Europe,Moscow,168 мс
93.113.175.124,443,true,DME,Europe,Moscow,168 мс
108.165.216.54,443,true,DME,Europe,Moscow,168 мс
154.206.12.3,443,true,DME,Europe,Moscow,168 мс
154.206.12.56,443,true,DME,Europe,Moscow,168 мс
185.193.28.44,443,true,DME,Europe,Moscow,168 мс
185.193.29.14,443,true,DME,Europe,Moscow,168 мс
185.193.29.17,443,true,DME,Europe,Moscow,168 мс
185.193.29.13,443,true,DME,Europe,Moscow,168 мс
185.193.31.33,443,true,DME,Europe,Moscow,168 мс
185.193.30.92,443,true,DME,Europe,Moscow,168 мс
185.193.30.97,443,true,DME,Europe,Moscow,168 мс
185.193.30.42,443,true,DME,Europe,Moscow,168 мс
188.42.88.210,443,true,DME,Europe,Moscow,168 мс
188.42.89.118,443,true,DME,Europe,Moscow,168 мс
188.164.159.126,443,true,DME,Europe,Moscow,168 мс
188.244.122.81,443,true,DME,Europe,Moscow,168 мс
188.244.122.65,443,true,DME,Europe,Moscow,168 мс
193.9.49.74,443,true,DME,Europe,Moscow,168 мс
193.9.49.72,443,true,DME,Europe,Moscow,168 мс
193.9.49.69,443,true,DME,Europe,Moscow,168 мс
193.9.49.4,443,true,DME,Europe,Moscow,168 мс
195.85.59.85,443,true,DME,Europe,Moscow,168 мс
195.245.221.52,443,true,DME,Europe,Moscow,168 мс
14.102.229.68,443,true,DME,Europe,Moscow,169 мс
31.12.75.71,443,true,DME,Europe,Moscow,169 мс
31.12.75.13,443,true,DME,Europe,Moscow,169 мс
45.12.30.48,443,true,DME,Europe,Moscow,169 мс
45.12.30.42,443,true,DME,Europe,Moscow,169 мс
45.12.30.4,443,true,DME,Europe,Moscow,169 мс
45.12.31.12,443,true,DME,Europe,Moscow,169 мс
45.12.30.115,443,true,DME,Europe,Moscow,169 мс
45.12.30.1,443,true,DME,Europe,Moscow,169 мс
45.80.110.67,443,true,DME,Europe,Moscow,169 мс
45.85.118.7,443,true,DME,Europe,Moscow,169 мс
45.85.118.5,443,true,DME,Europe,Moscow,169 мс
45.85.118.6,443,true,DME,Europe,Moscow,169 мс
45.159.218.172,443,true,DME,Europe,Moscow,169 мс
45.159.217.109,443,true,DME,Europe,Moscow,169 мс
45.159.217.108,443,true,DME,Europe,Moscow,169 мс
45.159.217.137,443,true,DME,Europe,Moscow,169 мс
45.159.216.116,443,true,DME,Europe,Moscow,169 мс
45.159.218.63,443,true,DME,Europe,Moscow,169 мс
45.159.217.136,443,true,DME,Europe,Moscow,169 мс
45.159.218.171,443,true,DME,Europe,Moscow,169 мс
92.53.188.79,443,true,DME,Europe,Moscow,169 мс
92.53.189.55,443,true,DME,Europe,Moscow,169 мс
92.53.188.33,443,true,DME,Europe,Moscow,169 мс
93.113.175.251,443,true,DME,Europe,Moscow,169 мс
93.113.175.130,443,true,DME,Europe,Moscow,169 мс
93.113.175.107,443,true,DME,Europe,Moscow,169 мс
93.113.175.140,443,true,DME,Europe,Moscow,169 мс
93.113.175.133,443,true,DME,Europe,Moscow,169 мс
102.177.176.65,443,true,DME,Europe,Moscow,169 мс
108.165.216.50,443,true,DME,Europe,Moscow,169 мс
108.165.216.52,443,true,DME,Europe,Moscow,169 мс
147.78.140.229,443,true,DME,Europe,Moscow,169 мс
154.206.12.62,443,true,DME,Europe,Moscow,169 мс
154.206.12.51,443,true,DME,Europe,Moscow,169 мс
156.225.72.8,443,true,DME,Europe,Moscow,169 мс
181.214.1.161,443,true,DME,Europe,Moscow,169 мс
185.193.30.98,443,true,DME,Europe,Moscow,169 мс
185.193.30.80,443,true,DME,Europe,Moscow,169 мс
185.193.30.66,443,true,DME,Europe,Moscow,169 мс
185.193.30.247,443,true,DME,Europe,Moscow,169 мс
185.193.30.51,443,true,DME,Europe,Moscow,169 мс
185.193.30.76,443,true,DME,Europe,Moscow,169 мс
185.193.30.74,443,true,DME,Europe,Moscow,169 мс
185.193.30.226,443,true,DME,Europe,Moscow,169 мс
188.42.88.11,443,true,DME,Europe,Moscow,169 мс
188.42.88.55,443,true,DME,Europe,Moscow,169 мс
188.244.122.90,443,true,DME,Europe,Moscow,169 мс
188.244.122.37,443,true,DME,Europe,Moscow,169 мс
193.9.49.66,443,true,DME,Europe,Moscow,169 мс
195.85.59.167,443,true,DME,Europe,Moscow,169 мс
195.85.59.88,443,true,DME,Europe,Moscow,169 мс
195.85.59.169,443,true,DME,Europe,Moscow,169 мс
195.85.59.195,443,true,DME,Europe,Moscow,169 мс
195.85.59.192,443,true,DME,Europe,Moscow,169 мс
195.245.221.12,443,true,DME,Europe,Moscow,169 мс
195.245.221.28,443,true,DME,Europe,Moscow,169 мс
195.245.221.92,443,true,DME,Europe,Moscow,169 мс
14.102.228.6,443,true,DME,Europe,Moscow,170 мс
14.102.228.7,443,true,DME,Europe,Moscow,170 мс
14.102.229.184,443,true,DME,Europe,Moscow,170 мс
31.12.75.105,443,true,DME,Europe,Moscow,170 мс
45.12.30.116,443,true,DME,Europe,Moscow,170 мс
45.12.30.199,443,true,DME,Europe,Moscow,170 мс
45.81.58.43,443,true,DME,Europe,Moscow,170 мс
45.85.118.4,443,true,DME,Europe,Moscow,170 мс
45.85.118.8,443,true,DME,Europe,Moscow,170 мс
45.85.118.2,443,true,DME,Europe,Moscow,170 мс
45.85.118.15,443,true,DME,Europe,Moscow,170 мс
45.153.7.18,443,true,DME,Europe,Moscow,170 мс
45.159.218.161,443,true,DME,Europe,Moscow,170 мс
45.159.216.117,443,true,DME,Europe,Moscow,170 мс
45.159.219.183,443,true,DME,Europe,Moscow,170 мс
45.159.219.214,443,true,DME,Europe,Moscow,170 мс
92.53.190.248,443,true,DME,Europe,Moscow,170 мс
92.53.188.35,443,true,DME,Europe,Moscow,170 мс
92.53.189.54,443,true,DME,Europe,Moscow,170 мс
92.53.188.34,443,true,DME,Europe,Moscow,170 мс
93.113.175.138,443,true,DME,Europe,Moscow,170 мс
93.113.175.126,443,true,DME,Europe,Moscow,170 мс
154.206.12.13,443,true,DME,Europe,Moscow,170 мс
154.206.12.52,443,true,DME,Europe,Moscow,170 мс
154.206.12.63,443,true,DME,Europe,Moscow,170 мс
156.225.72.7,443,true,DME,Europe,Moscow,170 мс
185.193.30.78,443,true,DME,Europe,Moscow,170 мс
185.193.30.245,443,true,DME,Europe,Moscow,170 мс
185.193.30.86,443,true,DME,Europe,Moscow,170 мс
185.193.30.225,443,true,DME,Europe,Moscow,170 мс
185.193.30.224,443,true,DME,Europe,Moscow,170 мс
185.193.30.72,443,true,DME,Europe,Moscow,170 мс
185.193.30.84,443,true,DME,Europe,Moscow,170 мс
188.42.88.15,443,true,DME,Europe,Moscow,170 мс
188.42.88.9,443,true,DME,Europe,Moscow,170 мс
188.42.88.14,443,true,DME,Europe,Moscow,170 мс
188.42.145.155,443,true,DME,Europe,Moscow,170 мс
188.244.122.69,443,true,DME,Europe,Moscow,170 мс
193.9.49.79,443,true,DME,Europe,Moscow,170 мс
195.85.23.20,443,true,FRA,Europe,Frankfurt,170 мс
195.85.59.78,443,true,DME,Europe,Moscow,170 мс
195.85.59.76,443,true,DME,Europe,Moscow,170 мс
195.245.221.6,443,true,DME,Europe,Moscow,170 мс
195.245.221.9,443,true,DME,Europe,Moscow,170 мс
195.245.221.20,443,true,DME,Europe,Moscow,170 мс
195.245.221.21,443,true,DME,Europe,Moscow,170 мс
195.245.221.49,443,true,DME,Europe,Moscow,170 мс
195.245.221.86,443,true,DME,Europe,Moscow,170 мс
31.12.75.136,443,true,DME,Europe,Moscow,171 мс
45.12.30.231,443,true,DME,Europe,Moscow,171 мс
45.12.31.10,443,true,DME,Europe,Moscow,171 мс
45.12.31.13,443,true,DME,Europe,Moscow,171 мс
45.12.30.170,443,true,DME,Europe,Moscow,171 мс
45.12.30.38,443,true,DME,Europe,Moscow,171 мс
45.12.30.172,443,true,DME,Europe,Moscow,171 мс
45.12.30.193,443,true,DME,Europe,Moscow,171 мс
45.81.58.33,443,true,DME,Europe,Moscow,171 мс
45.81.58.37,443,true,DME,Europe,Moscow,171 мс
45.85.118.3,443,true,DME,Europe,Moscow,171 мс
45.159.218.58,443,true,DME,Europe,Moscow,171 мс
45.159.219.222,443,true,DME,Europe,Moscow,171 мс
45.159.219.213,443,true,DME,Europe,Moscow,171 мс
92.53.188.101,443,true,DME,Europe,Moscow,171 мс
93.113.175.106,443,true,DME,Europe,Moscow,171 мс
93.113.175.136,443,true,DME,Europe,Moscow,171 мс
93.113.175.179,443,true,DME,Europe,Moscow,171 мс
108.165.216.30,443,true,DME,Europe,Moscow,171 мс
108.165.216.77,443,true,DME,Europe,Moscow,171 мс
154.206.12.5,443,true,DME,Europe,Moscow,171 мс
156.225.72.3,443,true,DME,Europe,Moscow,171 мс
156.225.72.5,443,true,DME,Europe,Moscow,171 мс
185.176.26.3,443,true,DME,Europe,Moscow,171 мс
185.193.29.15,443,true,DME,Europe,Moscow,171 мс
185.193.28.176,443,true,DME,Europe,Moscow,171 мс
185.193.28.175,443,true,DME,Europe,Moscow,171 мс
185.193.30.79,443,true,DME,Europe,Moscow,171 мс
185.193.30.81,443,true,DME,Europe,Moscow,171 мс
185.193.30.85,443,true,DME,Europe,Moscow,171 мс
185.251.83.22,443,true,DME,Europe,Moscow,171 мс
185.251.82.55,443,true,DME,Europe,Moscow,171 мс
188.42.88.79,443,true,DME,Europe,Moscow,171 мс
193.9.49.76,443,true,DME,Europe,Moscow,171 мс
193.9.49.6,443,true,DME,Europe,Moscow,171 мс
195.85.59.178,443,true,DME,Europe,Moscow,171 мс
195.85.59.173,443,true,DME,Europe,Moscow,171 мс
195.85.59.52,443,true,DME,Europe,Moscow,171 мс
195.85.59.58,443,true,DME,Europe,Moscow,171 мс
195.85.59.172,443,true,DME,Europe,Moscow,171 мс
195.245.221.11,443,true,DME,Europe,Moscow,171 мс
195.245.221.58,443,true,DME,Europe,Moscow,171 мс
195.245.221.8,443,true,DME,Europe,Moscow,171 мс
195.245.221.53,443,true,DME,Europe,Moscow,171 мс
195.245.221.10,443,true,DME,Europe,Moscow,171 мс
195.245.221.24,443,true,DME,Europe,Moscow,171 мс
195.245.221.19,443,true,DME,Europe,Moscow,171 мс
195.245.221.23,443,true,DME,Europe,Moscow,171 мс
31.12.75.137,443,true,DME,Europe,Moscow,172 мс
31.12.75.33,443,true,DME,Europe,Moscow,172 мс
31.12.75.37,443,true,DME,Europe,Moscow,172 мс
31.12.75.138,443,true,DME,Europe,Moscow,172 мс
45.12.30.113,443,true,DME,Europe,Moscow,172 мс
45.12.31.113,443,true,DME,Europe,Moscow,172 мс
45.12.30.190,443,true,DME,Europe,Moscow,172 мс
45.12.30.114,443,true,DME,Europe,Moscow,172 мс
45.81.58.41,443,true,DME,Europe,Moscow,172 мс
45.81.58.22,443,true,DME,Europe,Moscow,172 мс
45.81.58.24,443,true,DME,Europe,Moscow,172 мс
45.81.58.38,443,true,DME,Europe,Moscow,172 мс
45.81.58.44,443,true,DME,Europe,Moscow,172 мс
45.81.58.39,443,true,DME,Europe,Moscow,172 мс
45.159.216.16,443,true,DME,Europe,Moscow,172 мс
45.159.217.119,443,true,DME,Europe,Moscow,172 мс
45.159.219.212,443,true,DME,Europe,Moscow,172 мс
45.159.216.205,443,true,DME,Europe,Moscow,172 мс
45.159.218.153,443,true,DME,Europe,Moscow,172 мс
45.159.217.97,443,true,DME,Europe,Moscow,172 мс
45.159.216.120,443,true,DME,Europe,Moscow,172 мс
45.159.219.182,443,true,DME,Europe,Moscow,172 мс
45.159.216.115,443,true,DME,Europe,Moscow,172 мс
45.159.219.211,443,true,DME,Europe,Moscow,172 мс
45.159.219.254,443,true,DME,Europe,Moscow,172 мс
92.53.189.239,443,true,DME,Europe,Moscow,172 мс
92.53.191.17,443,true,DME,Europe,Moscow,172 мс
93.113.175.173,443,true,DME,Europe,Moscow,172 мс
93.113.175.152,443,true,DME,Europe,Moscow,172 мс
93.113.175.134,443,true,DME,Europe,Moscow,172 мс
93.113.175.195,443,true,DME,Europe,Moscow,172 мс
93.113.175.172,443,true,DME,Europe,Moscow,172 мс
93.113.175.170,443,true,DME,Europe,Moscow,172 мс
93.113.175.199,443,true,DME,Europe,Moscow,172 мс
94.242.228.31,443,true,DME,Europe,Moscow,172 мс
147.78.140.245,443,true,DME,Europe,Moscow,172 мс
154.206.12.57,443,true,DME,Europe,Moscow,172 мс
154.206.12.2,443,true,DME,Europe,Moscow,172 мс
160.153.0.120,443,true,DME,Europe,Moscow,172 мс
185.193.30.70,443,true,DME,Europe,Moscow,172 мс
185.251.82.95,443,true,DME,Europe,Moscow,172 мс
185.251.82.54,443,true,DME,Europe,Moscow,172 мс
188.42.88.78,443,true,DME,Europe,Moscow,172 мс
188.42.88.208,443,true,DME,Europe,Moscow,172 мс
188.42.89.158,443,true,DME,Europe,Moscow,172 мс
188.164.158.153,443,true,DME,Europe,Moscow,172 мс
193.9.49.131,443,true,DME,Europe,Moscow,172 мс
193.9.49.133,443,true,DME,Europe,Moscow,172 мс
193.9.49.10,443,true,DME,Europe,Moscow,172 мс
195.85.59.64,443,true,DME,Europe,Moscow,172 мс
195.85.59.171,443,true,DME,Europe,Moscow,172 мс
195.85.59.84,443,true,DME,Europe,Moscow,172 мс
195.85.59.59,443,true,DME,Europe,Moscow,172 мс
195.85.59.89,443,true,DME,Europe,Moscow,172 мс
195.245.221.18,443,true,DME,Europe,Moscow,172 мс
45.12.30.184,443,true,DME,Europe,Moscow,173 мс
45.81.58.42,443,true,DME,Europe,Moscow,173 мс
45.81.58.26,443,true,DME,Europe,Moscow,173 мс
45.81.58.29,443,true,DME,Europe,Moscow,173 мс
45.81.58.36,443,true,DME,Europe,Moscow,173 мс
45.159.217.134,443,true,DME,Europe,Moscow,173 мс
45.159.216.35,443,true,DME,Europe,Moscow,173 мс
45.159.217.117,443,true,DME,Europe,Moscow,173 мс
45.159.219.221,443,true,DME,Europe,Moscow,173 мс
45.159.216.204,443,true,DME,Europe,Moscow,173 мс
45.159.216.114,443,true,DME,Europe,Moscow,173 мс
45.159.217.128,443,true,DME,Europe,Moscow,173 мс
45.159.219.248,443,true,DME,Europe,Moscow,173 мс
77.74.228.7,443,true,DME,Europe,Moscow,173 мс
77.74.228.8,443,true,DME,Europe,Moscow,173 мс
92.53.191.18,443,true,DME,Europe,Moscow,173 мс
93.113.175.178,443,true,DME,Europe,Moscow,173 мс
93.113.175.168,443,true,DME,Europe,Moscow,173 мс
93.113.175.193,443,true,DME,Europe,Moscow,173 мс
93.113.175.181,443,true,DME,Europe,Moscow,173 мс
160.153.0.116,443,true,DME,Europe,Moscow,173 мс
181.214.1.150,443,true,DME,Europe,Moscow,173 мс
185.159.247.109,443,true,DME,Europe,Moscow,173 мс
185.162.231.239,443,true,DME,Europe,Moscow,173 мс
185.238.228.10,443,true,DME,Europe,Moscow,173 мс
185.251.82.76,443,true,DME,Europe,Moscow,173 мс
188.42.88.80,443,true,DME,Europe,Moscow,173 мс
188.42.88.207,443,true,DME,Europe,Moscow,173 мс
188.42.88.242,443,true,DME,Europe,Moscow,173 мс
193.9.49.58,443,true,DME,Europe,Moscow,173 мс
193.9.49.2,443,true,DME,Europe,Moscow,173 мс
193.9.49.67,443,true,DME,Europe,Moscow,173 мс
195.85.59.83,443,true,DME,Europe,Moscow,173 мс
195.85.59.51,443,true,DME,Europe,Moscow,173 мс
195.85.59.87,443,true,DME,Europe,Moscow,173 мс
195.85.59.57,443,true,DME,Europe,Moscow,173 мс
195.245.221.125,443,true,DME,Europe,Moscow,173 мс
14.102.229.157,443,true,DME,Europe,Moscow,174 мс
45.12.30.179,443,true,DME,Europe,Moscow,174 мс
45.12.30.243,443,true,DME,Europe,Moscow,174 мс
45.81.58.40,443,true,DME,Europe,Moscow,174 мс
45.81.58.34,443,true,DME,Europe,Moscow,174 мс
45.81.58.16,443,true,DME,Europe,Moscow,174 мс
45.81.58.30,443,true,DME,Europe,Moscow,174 мс
45.81.58.35,443,true,DME,Europe,Moscow,174 мс
45.81.58.21,443,true,DME,Europe,Moscow,174 мс
45.81.58.20,443,true,DME,Europe,Moscow,174 мс
45.81.58.27,443,true,DME,Europe,Moscow,174 мс
45.81.58.45,443,true,DME,Europe,Moscow,174 мс
45.159.216.38,443,true,DME,Europe,Moscow,174 мс
45.159.216.14,443,true,DME,Europe,Moscow,174 мс
45.159.216.101,443,true,DME,Europe,Moscow,174 мс
45.159.219.234,443,true,DME,Europe,Moscow,174 мс
45.159.219.247,443,true,DME,Europe,Moscow,174 мс
45.159.219.233,443,true,DME,Europe,Moscow,174 мс
77.74.228.6,443,true,DME,Europe,Moscow,174 мс
77.74.228.5,443,true,DME,Europe,Moscow,174 мс
93.113.175.131,443,true,DME,Europe,Moscow,174 мс
93.113.175.132,443,true,DME,Europe,Moscow,174 мс
93.113.175.200,443,true,DME,Europe,Moscow,174 мс
93.113.175.137,443,true,DME,Europe,Moscow,174 мс
93.113.175.120,443,true,DME,Europe,Moscow,174 мс
93.113.175.182,443,true,DME,Europe,Moscow,174 мс
93.113.175.112,443,true,DME,Europe,Moscow,174 мс
93.113.175.153,443,true,DME,Europe,Moscow,174 мс
154.197.64.2,443,true,DME,Europe,Moscow,174 мс
154.197.64.4,443,true,DME,Europe,Moscow,174 мс
154.197.75.10,443,true,DME,Europe,Moscow,174 мс
185.238.228.13,443,true,DME,Europe,Moscow,174 мс
193.9.49.13,443,true,DME,Europe,Moscow,174 мс
195.245.221.7,443,true,DME,Europe,Moscow,174 мс
31.12.75.102,443,true,DME,Europe,Moscow,175 мс
45.12.30.198,443,true,DME,Europe,Moscow,175 мс
45.12.30.167,443,true,DME,Europe,Moscow,175 мс
45.159.219.220,443,true,DME,Europe,Moscow,175 мс
45.159.217.89,443,true,DME,Europe,Moscow,175 мс
45.159.216.113,443,true,DME,Europe,Moscow,175 мс
45.159.216.27,443,true,DME,Europe,Moscow,175 мс
45.159.218.181,443,true,DME,Europe,Moscow,175 мс
45.159.216.6,443,true,DME,Europe,Moscow,175 мс
45.159.216.36,443,true,DME,Europe,Moscow,175 мс
45.159.217.88,443,true,DME,Europe,Moscow,175 мс
45.159.216.112,443,true,DME,Europe,Moscow,175 мс
45.159.218.182,443,true,DME,Europe,Moscow,175 мс
45.159.217.31,443,true,DME,Europe,Moscow,175 мс
45.159.217.135,443,true,DME,Europe,Moscow,175 мс
45.159.219.246,443,true,DME,Europe,Moscow,175 мс
92.53.190.39,443,true,DME,Europe,Moscow,175 мс
93.113.175.155,443,true,DME,Europe,Moscow,175 мс
93.113.175.201,443,true,DME,Europe,Moscow,175 мс
93.113.175.192,443,true,DME,Europe,Moscow,175 мс
94.242.229.245,443,true,DME,Europe,Moscow,175 мс
94.242.228.21,443,true,DME,Europe,Moscow,175 мс
94.242.228.64,443,true,DME,Europe,Moscow,175 мс
154.197.121.1,443,true,DME,Europe,Moscow,175 мс
154.197.121.51,443,true,DME,Europe,Moscow,175 мс
185.162.230.11,443,true,DME,Europe,Moscow,175 мс
188.164.159.111,443,true,DME,Europe,Moscow,175 мс
193.9.49.120,443,true,DME,Europe,Moscow,175 мс
45.12.30.230,443,true,DME,Europe,Moscow,176 мс
45.12.30.196,443,true,DME,Europe,Moscow,176 мс
45.12.31.71,443,true,DME,Europe,Moscow,176 мс
45.12.30.165,443,true,DME,Europe,Moscow,176 мс
45.159.216.11,443,true,DME,Europe,Moscow,176 мс
45.159.216.219,443,true,DME,Europe,Moscow,176 мс
45.159.219.253,443,true,DME,Europe,Moscow,176 мс
45.159.219.245,443,true,DME,Europe,Moscow,176 мс
45.159.219.244,443,true,DME,Europe,Moscow,176 мс
62.72.166.4,443,true,DME,Europe,Moscow,176 мс
92.53.189.36,443,true,DME,Europe,Moscow,176 мс
92.53.190.88,443,true,DME,Europe,Moscow,176 мс
93.113.175.194,443,true,DME,Europe,Moscow,176 мс
93.113.175.149,443,true,DME,Europe,Moscow,176 мс
93.113.175.169,443,true,DME,Europe,Moscow,176 мс
93.113.175.198,443,true,DME,Europe,Moscow,176 мс
93.113.175.117,443,true,DME,Europe,Moscow,176 мс
93.113.175.122,443,true,DME,Europe,Moscow,176 мс
93.113.175.171,443,true,DME,Europe,Moscow,176 мс
154.206.12.61,443,true,DME,Europe,Moscow,176 мс
154.206.12.20,443,true,DME,Europe,Moscow,176 мс
154.206.12.6,443,true,DME,Europe,Moscow,176 мс
154.206.12.32,443,true,DME,Europe,Moscow,176 мс
154.206.12.12,443,true,DME,Europe,Moscow,176 мс
185.162.230.20,443,true,DME,Europe,Moscow,176 мс
188.244.122.52,443,true,DME,Europe,Moscow,176 мс
188.244.122.54,443,true,DME,Europe,Moscow,176 мс
45.12.30.234,443,true,DME,Europe,Moscow,177 мс
45.12.30.194,443,true,DME,Europe,Moscow,177 мс
45.12.31.231,443,true,DME,Europe,Moscow,177 мс
45.12.31.232,443,true,DME,Europe,Moscow,177 мс
45.12.31.55,443,true,DME,Europe,Moscow,177 мс
45.12.30.195,443,true,DME,Europe,Moscow,177 мс
45.159.217.33,443,true,DME,Europe,Moscow,177 мс
45.159.218.207,443,true,DME,Europe,Moscow,177 мс
45.159.217.35,443,true,DME,Europe,Moscow,177 мс
45.159.216.49,443,true,DME,Europe,Moscow,177 мс
45.159.218.180,443,true,DME,Europe,Moscow,177 мс
45.159.216.111,443,true,DME,Europe,Moscow,177 мс
45.159.216.130,443,true,DME,Europe,Moscow,177 мс
92.53.189.9,443,true,DME,Europe,Moscow,177 мс
94.242.228.16,443,true,DME,Europe,Moscow,177 мс
154.206.12.16,443,true,DME,Europe,Moscow,177 мс
154.206.12.7,443,true,DME,Europe,Moscow,177 мс
154.206.12.54,443,true,DME,Europe,Moscow,177 мс
154.206.12.15,443,true,DME,Europe,Moscow,177 мс
185.193.28.59,443,true,DME,Europe,Moscow,177 мс
188.42.89.187,443,true,DME,Europe,Moscow,177 мс
188.42.89.166,443,true,DME,Europe,Moscow,177 мс
188.244.122.89,443,true,DME,Europe,Moscow,177 мс
193.9.49.117,443,true,DME,Europe,Moscow,177 мс
195.85.23.26,443,true,FRA,Europe,Frankfurt,177 мс
195.245.221.128,443,true,DME,Europe,Moscow,177 мс
31.12.75.42,443,true,DME,Europe,Moscow,178 мс
31.12.75.18,443,true,DME,Europe,Moscow,178 мс
45.12.30.169,443,true,DME,Europe,Moscow,178 мс
45.12.30.186,443,true,DME,Europe,Moscow,178 мс
45.12.30.192,443,true,DME,Europe,Moscow,178 мс
45.12.31.230,443,true,DME,Europe,Moscow,178 мс
45.12.30.187,443,true,DME,Europe,Moscow,178 мс
45.159.218.208,443,true,DME,Europe,Moscow,178 мс
45.159.219.218,443,true,DME,Europe,Moscow,178 мс
45.159.217.28,443,true,DME,Europe,Moscow,178 мс
45.159.217.29,443,true,DME,Europe,Moscow,178 мс
45.159.217.124,443,true,DME,Europe,Moscow,178 мс
45.159.216.48,443,true,DME,Europe,Moscow,178 мс
45.159.216.128,443,true,DME,Europe,Moscow,178 мс
45.159.219.219,443,true,DME,Europe,Moscow,178 мс
45.159.218.178,443,true,DME,Europe,Moscow,178 мс
62.72.166.1,443,true,DME,Europe,Moscow,178 мс
89.116.250.239,443,true,DME,Europe,Moscow,178 мс
92.53.190.195,443,true,DME,Europe,Moscow,178 мс
93.113.175.197,443,true,DME,Europe,Moscow,178 мс
93.113.175.150,443,true,DME,Europe,Moscow,178 мс
94.242.229.75,443,true,DME,Europe,Moscow,178 мс
154.206.12.65,443,true,DME,Europe,Moscow,178 мс
184.174.80.17,443,true,DME,Europe,Moscow,178 мс
185.162.230.5,443,true,DME,Europe,Moscow,178 мс
185.162.230.6,443,true,DME,Europe,Moscow,178 мс
185.162.230.16,443,true,DME,Europe,Moscow,178 мс
185.162.230.17,443,true,DME,Europe,Moscow,178 мс
185.193.28.174,443,true,DME,Europe,Moscow,178 мс
188.42.89.183,443,true,DME,Europe,Moscow,178 мс
188.244.122.98,443,true,DME,Europe,Moscow,178 мс
188.244.122.58,443,true,DME,Europe,Moscow,178 мс
195.85.23.32,443,true,FRA,Europe,Frankfurt,178 мс
5.10.245.189,443,true,DME,Europe,Moscow,179 мс
14.102.229.5,443,true,DME,Europe,Moscow,179 мс
31.12.75.9,443,true,DME,Europe,Moscow,179 мс
31.12.75.16,443,true,DME,Europe,Moscow,179 мс
31.12.75.14,443,true,DME,Europe,Moscow,179 мс
31.12.75.31,443,true,DME,Europe,Moscow,179 мс
31.12.75.11,443,true,DME,Europe,Moscow,179 мс
31.12.75.39,443,true,DME,Europe,Moscow,179 мс
45.12.30.164,443,true,DME,Europe,Moscow,179 мс
45.12.30.191,443,true,DME,Europe,Moscow,179 мс
45.12.30.188,443,true,DME,Europe,Moscow,179 мс
45.12.30.160,443,true,DME,Europe,Moscow,179 мс
45.159.219.217,443,true,DME,Europe,Moscow,179 мс
45.159.217.42,443,true,DME,Europe,Moscow,179 мс
45.159.217.32,443,true,DME,Europe,Moscow,179 мс
45.159.216.132,443,true,DME,Europe,Moscow,179 мс
45.159.218.179,443,true,DME,Europe,Moscow,179 мс
45.159.216.13,443,true,DME,Europe,Moscow,179 мс
45.159.216.12,443,true,DME,Europe,Moscow,179 мс
45.159.216.131,443,true,DME,Europe,Moscow,179 мс
62.72.166.15,443,true,DME,Europe,Moscow,179 мс
93.113.175.144,443,true,DME,Europe,Moscow,179 мс
93.113.175.115,443,true,DME,Europe,Moscow,179 мс
93.113.175.151,443,true,DME,Europe,Moscow,179 мс
108.165.216.100,443,true,DME,Europe,Moscow,179 мс
154.206.12.58,443,true,DME,Europe,Moscow,179 мс
154.206.12.11,443,true,DME,Europe,Moscow,179 мс
154.206.12.21,443,true,DME,Europe,Moscow,179 мс
184.174.80.12,443,true,DME,Europe,Moscow,179 мс
185.174.138.17,443,true,DME,Europe,Moscow,179 мс
185.193.30.249,443,true,DME,Europe,Moscow,179 мс
188.42.89.252,443,true,DME,Europe,Moscow,179 мс
195.85.23.25,443,true,FRA,Europe,Frankfurt,179 мс
195.85.23.30,443,true,FRA,Europe,Frankfurt,179 мс
195.245.221.118,443,true,DME,Europe,Moscow,179 мс
5.10.244.69,443,true,DME,Europe,Moscow,180 мс
5.42.65.102,443,true,DME,Europe,Moscow,180 мс
14.102.229.19,443,true,DME,Europe,Moscow,180 мс
31.12.75.36,443,true,DME,Europe,Moscow,180 мс
45.12.30.152,443,true,DME,Europe,Moscow,180 мс
45.12.30.166,443,true,DME,Europe,Moscow,180 мс
45.159.217.30,443,true,DME,Europe,Moscow,180 мс
45.159.218.177,443,true,DME,Europe,Moscow,180 мс
45.159.216.57,443,true,DME,Europe,Moscow,180 мс
45.159.216.125,443,true,DME,Europe,Moscow,180 мс
45.159.216.127,443,true,DME,Europe,Moscow,180 мс
45.159.216.126,443,true,DME,Europe,Moscow,180 мс
62.72.166.9,443,true,DME,Europe,Moscow,180 мс
93.113.175.116,443,true,DME,Europe,Moscow,180 мс
94.242.228.142,443,true,DME,Europe,Moscow,180 мс
64.69.24.50,443,true,PDX,North America,Portland,112 мс
64.69.24.55,443,true,PDX,North America,Portland,117 мс
64.69.24.18,443,true,PDX,North America,Portland,119 мс
64.69.24.14,443,true,PDX,North America,Portland,121 мс
64.69.24.35,443,true,PDX,North America,Portland,122 мс
64.69.24.42,443,true,PDX,North America,Portland,123 мс
64.69.24.33,443,true,SEA,North America,Seattle,124 мс
64.69.24.34,443,true,SEA,North America,Seattle,124 мс
64.69.24.31,443,true,SEA,North America,Seattle,124 мс
64.69.24.30,443,true,SEA,North America,Seattle,125 мс
64.69.24.32,443,true,SEA,North America,Seattle,125 мс
170.114.52.105,443,true,YVR,North America,Vancouver,126 мс
64.69.24.36,443,true,PDX,North America,Portland,128 мс
64.69.24.24,443,true,YVR,North America,Vancouver,129 мс
64.69.24.54,443,true,PDX,North America,Portland,130 мс
64.69.24.12,443,true,PDX,North America,Portland,138 мс
64.69.24.6,443,true,PDX,North America,Portland,139 мс
170.114.52.92,443,true,YVR,North America,Vancouver,157 мс
64.69.24.3,443,true,PDX,North America,Portland,161 мс
64.69.24.29,443,true,MEL,Oceania,Melbourne,126 мс
170.114.52.106,443,true,MEL,Oceania,Melbourne,126 мс
170.114.52.76,443,true,MEL,Oceania,Melbourne,140 мс
170.114.52.52,443,true,MEL,Oceania,Melbourne,142 мс
170.114.52.97,443,true,MEL,Oceania,Melbourne,151 мс
170.114.52.69,443,true,MEL,Oceania,Melbourne,154 мс
170.114.52.40,443,true,MEL,Oceania,Melbourne,158 мс
170.114.52.93,443,true,MEL,Oceania,Melbourne,161 мс
170.114.52.9,443,true,MEL,Oceania,Melbourne,165 мс
